{
    "loss": [
        1.9887906312942505,
        1.395098090171814,
        1.1737028360366821,
        1.0192710161209106,
        0.9046291708946228,
        0.824271559715271,
        0.7581210732460022,
        0.7123002409934998,
        0.67307448387146,
        0.6387667059898376,
        0.6195200681686401,
        0.5969254970550537,
        0.5846320986747742,
        0.569299042224884,
        0.5606892108917236,
        0.5427917242050171,
        0.5309706330299377,
        0.5248374938964844,
        0.5182167291641235,
        0.5074440836906433,
        0.5014116168022156,
        0.4968281388282776,
        0.4825851321220398,
        0.484134316444397,
        0.4787306487560272,
        0.4729083478450775,
        0.4709503650665283,
        0.4584351181983948,
        0.4666917026042938,
        0.45063531398773193,
        0.4527292251586914,
        0.4489101469516754,
        0.4316462278366089,
        0.44389206171035767,
        0.430410236120224,
        0.42777857184410095,
        0.42380574345588684,
        0.4170295000076294,
        0.4129657447338104,
        0.4158077538013458,
        0.4125487208366394,
        0.39963385462760925,
        0.3917749524116516,
        0.40057098865509033,
        0.38580432534217834,
        0.38846373558044434,
        0.3828165829181671,
        0.377700537443161,
        0.3767419457435608,
        0.3709716498851776,
        0.3648202419281006,
        0.3632129728794098,
        0.3615662753582001,
        0.36057427525520325,
        0.3599185049533844,
        0.35599377751350403,
        0.34621334075927734,
        0.34547796845436096,
        0.3438108563423157,
        0.34590616822242737
    ],
    "accuracy": [
        0.6247667074203491,
        0.8113341331481934,
        0.8374898433685303,
        0.8483725786209106,
        0.8572410941123962,
        0.860750138759613,
        0.8648870587348938,
        0.8657256364822388,
        0.8684793710708618,
        0.8717759847640991,
        0.8725430369377136,
        0.8735792636871338,
        0.8740004301071167,
        0.8753112554550171,
        0.8753558397293091,
        0.8778378963470459,
        0.8788288831710815,
        0.8793447613716125,
        0.8788687586784363,
        0.880638599395752,
        0.8829615116119385,
        0.8818760514259338,
        0.8844713568687439,
        0.8830491304397583,
        0.883345901966095,
        0.8842809796333313,
        0.8839187622070312,
        0.8867515325546265,
        0.8835134506225586,
        0.8896877765655518,
        0.8885317444801331,
        0.8870899081230164,
        0.8906233906745911,
        0.8877179622650146,
        0.89153653383255,
        0.8918132781982422,
        0.8930079340934753,
        0.8924150466918945,
        0.8949727416038513,
        0.8919121623039246,
        0.8928446769714355,
        0.8965770602226257,
        0.8976932168006897,
        0.8965969681739807,
        0.8979899883270264,
        0.8979327082633972,
        0.8997402787208557,
        0.8991817831993103,
        0.9013849496841431,
        0.902258574962616,
        0.902395486831665,
        0.9035933613777161,
        0.9026937484741211,
        0.903723955154419,
        0.9038002490997314,
        0.9038017392158508,
        0.9061753749847412,
        0.907533586025238,
        0.9054704308509827,
        0.907691240310669
    ],
    "dice_coef": [
        0.3302994668483734,
        0.4779050350189209,
        0.5516543388366699,
        0.6109647750854492,
        0.6574745178222656,
        0.6932037472724915,
        0.7230291962623596,
        0.7427161335945129,
        0.7603998780250549,
        0.7736124396324158,
        0.7826866507530212,
        0.792161762714386,
        0.7974550127983093,
        0.8030857443809509,
        0.807237446308136,
        0.8133872747421265,
        0.8170252442359924,
        0.819683849811554,
        0.8220099210739136,
        0.8253248929977417,
        0.8273200392723083,
        0.8283246159553528,
        0.8318905830383301,
        0.8324708938598633,
        0.8334406614303589,
        0.8353011012077332,
        0.8360170722007751,
        0.8394238352775574,
        0.8360486030578613,
        0.8409515619277954,
        0.8404302000999451,
        0.8416532278060913,
        0.8472188711166382,
        0.8430153131484985,
        0.8477374911308289,
        0.8479514122009277,
        0.8491393327713013,
        0.8508824706077576,
        0.8521066904067993,
        0.8512752056121826,
        0.8521094918251038,
        0.8561288118362427,
        0.8576648831367493,
        0.8559212684631348,
        0.8596963286399841,
        0.8598307371139526,
        0.8607190251350403,
        0.8628368377685547,
        0.863405704498291,
        0.8660538196563721,
        0.867146909236908,
        0.8668457865715027,
        0.8676053285598755,
        0.8676642179489136,
        0.8676659464836121,
        0.8686138987541199,
        0.8718336224555969,
        0.8723137974739075,
        0.8722565174102783,
        0.8727191090583801
    ],
    "val_loss": [
        2.867027997970581,
        1.9514812231063843,
        1.2166900634765625,
        1.007743000984192,
        0.8598893880844116,
        0.8073802590370178,
        0.7145578861236572,
        0.7239673733711243,
        0.6503047943115234,
        0.6388359665870667,
        0.6139934659004211,
        0.5899545550346375,
        0.5773740410804749,
        0.5590248107910156,
        0.5581514239311218,
        0.5489771962165833,
        0.5329217314720154,
        0.5235850214958191,
        0.5164058208465576,
        0.5098857879638672,
        0.4931901693344116,
        0.500069797039032,
        0.4993969798088074,
        0.5026664733886719,
        0.48802128434181213,
        0.48671117424964905,
        0.46945688128471375,
        0.4732248783111572,
        0.4712655246257782,
        0.4647083878517151,
        0.47303450107574463,
        0.4626501202583313,
        0.4851975739002228,
        0.4672206938266754,
        0.457192987203598,
        0.4506489038467407,
        0.4504321813583374,
        0.4461692273616791,
        0.4443739354610443,
        0.45302069187164307,
        0.4329669773578644,
        0.4356708824634552,
        0.43288227915763855,
        0.4501810371875763,
        0.4604530334472656,
        0.4367911219596863,
        0.44137895107269287,
        0.441162109375,
        0.4419601261615753,
        0.42467784881591797,
        0.4361119270324707,
        0.43512964248657227,
        0.4329529106616974,
        0.42598840594291687,
        0.41126546263694763,
        0.4051154553890228,
        0.4159627854824066,
        0.40808528661727905,
        0.4251065254211426,
        0.4206838309764862
    ],